1	11404.594
2	32175.807
3	22822.312
4	34199.125
5	464.1146
6	156.21155
7	13537.686
8	368.10535
9	2680.3547
10	15991.296
11	11569.599
12	9900.589
13	70.15389
14	60.14346
15	8269.493
16	59.34579
17	3349.0232
18	7749.7104
19	2021.2633
20	6289.3335
21	54.47636
22	13.914322
23	11366.917
24	126.65282
25	3224.6912
26	3130.727
27	1395.4414
28	5840.2075
29	102.386734
30	271.0107
31	14888.323
32	697.9267
33	2962.337
34	4166.3096
35	1749.9686
36	5742.911
37	475.69
38	1296.3989
39	14597.67
40	55.950794
41	3903.2195
42	6588.997
43	4823.274
44	11973.564
45	1863.9794
46	473.9983
47	11697.266
48	324.94388
49	3751.73
50	4840.575
51	5513.541
52	26348.777
53	905.9158
54	317.98758
55	21665.945
56	501.21277
57	3398.4402
58	7084.1304
59	14144.637
60	15911.489
61	313.16672
62	107.55179
63	10536.311
64	93.38001
65	2861.085
66	12672.47
67	7662.7944
68	9558.994
69	142.72507
70	25.342648
71	14272.027
72	32.542217
73	5843.66
74	7233.266
75	4722.201
76	10740.723
77	282.33542
78	171.1453
79	17588.383
80	1130.434
81	4351.6846
82	5327.327
83	4668.343
84	13235.06
85	779.38654
86	635.8485
87	32781.555
88	97.829544
89	4310.9346
90	4160.978
91	8062.5874
92	15516.414
93	488.91638
94	1346.489
95	16617.992
96	104.75721
97	1624.5328
98	1608.707
99	2614.3599
100	8745.301
101	475.0266
102	302.22314
103	11829.848
104	195.36923
105	1545.1676
106	3134.9092
107	4393.7163
108	22714.016
109	232.2413
110	177.38068
111	11185.71
112	382.23828
113	2415.8086
114	13561.267
115	12128.997
116	17149.248
117	350.13647
118	170.64429
119	11998.847
120	844.17816
121	3867.7224
122	32535.484
123	31149.79
124	65236.277
125	3344.1614
126	684.02045
127	8569.955
128	242.76595
129	2537.6506
130	5573.1997
131	2650.773
132	5600.0537
133	307.77658
134	126.23851
135	15271.945
136	66.54525
137	3160.2812
138	5344.842
139	2865.4111
140	6745.519
141	1016.43134
142	290.85867
143	19861.72
144	178.978
145	3318.928
146	5492.9697
147	2674.347
148	5206.7046
149	100.30199
150	144.22289
151	12456.345
152	185.10814
153	2660.5479
154	8315.688
155	4269.7104
156	11142.737
157	1815.1906
158	387.95093
159	11835.098
160	38.700077
161	3362.7258
162	7142.579
163	7036.026
164	22969.527
165	1239.6337
166	211.868
167	10484.73
168	38.14503
169	4672.272
170	8023.3374
171	15930.96
172	21488.19
173	142.99841
174	329.83292
175	9474.591
176	345.05475
177	5854.0557
178	17414.889
179	11471.617
180	8670.471
181	154.1712
182	304.57748
183	8597.157
184	381.3052
185	5520.405
186	9570.228
187	3886.6584
188	4832.601
189	131.40446
190	136.57884
191	12831.232
192	338.2265
193	4932.702
194	6588.0605
195	3280.6143
196	5588.809
197	159.32109
198	294.0326
199	31531.432
200	1629.2744
201	5565.76
202	9109.718
203	7835.3955
204	16696.404
205	528.8071
206	488.1414
207	19194.559
208	727.65466
209	6253.477
210	11186.55
211	12326.317
212	23983.781
213	970.979
214	324.42368
215	20971.564
216	396.65387
217	5560.9434
218	13855.531
219	9776.302
220	26021.97
221	1822.8296
222	784.988
223	23310.283
224	864.3895
225	9536.845
226	18210.266
227	14901.953
228	25753.41
229	577.56714
230	274.1207
231	18486.13
232	856.95917
233	4487.571
234	15874.228
235	13198.268
236	21478.266
237	119.66647
238	151.87712
239	13723.615
240	148.7583
241	5263.971
242	5832.4146
243	3338.9102
244	9854.474
245	235.01625
246	44.55517
247	13679.235
248	55.286705
249	5436.8193
250	7361.8423
251	4786.468
252	7325.071
253	283.57306
254	551.2483
255	20129.016
256	1725.6746
257	3319.3057
258	6731.0215
259	2921.5923
260	8086.775
261	679.47876
262	1487.0938
263	43605.445
264	5216.6978
265	13806.676
266	10307.26
267	7120.945
268	9553.997
269	31.15229
270	526.30334
271	14104.572
272	388.61926
273	2670.0317
274	5283.0366
275	4907.266
276	12556.041
277	828.8871
278	361.3772
279	13130.941
280	110.87017
281	4356.1025
282	9967.143
283	21809.02
284	39342.887
285	2646.009
286	354.0661
287	12742.471
288	465.4845
289	4904.859
290	17160.51
291	12653.955
292	15488.222
293	652.97186
294	203.85764
295	15160.588
296	48.379787
297	6262.2324
298	13381.91
299	9106.99
300	13270.648
301	515.0191
302	171.92285
303	16481.14
304	631.1956
305	4763.208
306	14231.67
307	5583.727
308	11150.751
309	842.69904
310	473.2712
311	24791.764
312	677.54614
313	3529.7126
314	7956.7686
315	3563.9236
316	11702.652
317	569.75195
318	1803.6797
319	20449.838
320	395.46304
321	2429.0793
322	3846.9983
323	2854.7854
324	14319.317
325	3561.8933
326	2885.763
327	15543.056
328	209.64246
329	2241.9512
330	3159.2703
331	5237.1304
332	28996.656
333	281.46167
334	736.7132
335	9508.985
336	1.004426
337	1501.932
338	5184.131
339	10427.742
340	17431.492
341	338.50436
342	38.42792
343	9816.125
344	107.47036
345	2627.9263
346	8050.5938
347	6341.2896
348	6917.85
349	881.1206
350	265.66797
351	8791.956
352	351.9945
353	4467.3794
354	12123.245
355	2645.193
356	6963.998
357	111.96589
358	61.42024
359	15880.032
360	388.66153
361	6337.606
362	12256.775
363	24855.434
364	57421.66
365	4102.1543
366	2149.1553
367	21498.168
368	594.32477
369	6103.903
370	4919.5103
371	4795.361
372	7094.4365
373	921.4828
374	239.61813
375	23681.633
376	593.66895
377	2741.8694
378	3602.707
379	4047.727
380	6569.2227
381	12.126058
382	341.6423
383	9075.678
384	180.92322
385	1727.1476
386	3285.922
387	4675.8564
388	14192.268
389	324.0241
390	19.756142
391	9784.263
392	631.82294
393	4024.7063
394	3933.1272
395	14267.57
396	12244.106
397	272.9198
398	251.42334
399	7290.593
400	369.53345
401	3524.1448
402	14027.086
403	13999.118
404	10739.602
405	879.41064
406	757.32074
407	14772.482
408	1283.1464
409	7897.756
410	7681.156
411	7190.287
412	11153.412
413	604.4568
414	113.66354
415	17109.67
416	550.30963
417	6152.0527
418	5606.242
419	5883.035
420	11512.216
421	665.56934
422	140.57855
423	18708.906
424	157.8138
425	2140.131
426	2872.487
427	5969.2036
428	8004.964
429	334.66025
430	215.45624
431	14587.985
432	48.16343
433	3020.4116
434	3873.463
435	6460.963
436	12974.001
437	926.1684
438	24.098288
439	16491.21
440	189.10262
441	2237.931
442	4236.3716
443	11618.452
444	30159.695
445	5588.203
446	807.7661
447	13350.454
448	68.48931
449	2638.8105
450	7965.48
451	34522.082
452	34663.516
453	2519.0386
454	155.27997
455	16064.047
456	592.12665
457	2447.9624
458	7298.6646
459	23666.932
460	19906.832
461	54.590046
462	150.19862
463	13077.362
464	267.46817
465	3213.452
466	3635.8694
467	6222.767
468	6849.7007
469	618.0069
470	166.80908
471	12287.283
472	418.30756
473	2235.3455
474	4400.8867
475	6041.1104
476	7851.662
477	669.42255
478	159.06433
479	6431.1704
480	267.2187
481	2563.0017
482	11570.989
483	5438.001
484	7591.077
485	7270.057
486	3706.7263
487	15454.611
488	1615.0693
489	14493.214
490	25881.594
491	24552.102
492	18218.717
493	472.78253
494	841.893
495	6051.0073
496	160.60544
497	2368.8628
498	4944.987
499	8547.136
500	16286.754
501	833.68976
502	297.1259
503	8118.094
504	197.3453
505	2820.1255
506	4493.2705
507	17514.816
508	11801.252
509	49.708855
510	60.412178
511	10958.476
512	37.779663
513	3287.3057
514	7503.3247
515	16580.312
516	12443.724
517	768.4625
518	67.351234
519	8695.57
520	84.36872
521	4881.211
522	9245.816
523	9577.67
524	8521.466
525	1090.9288
526	796.9736
527	13326.632
528	378.41046
529	4919.356
530	7275.1934
531	7763.6416
532	7704.502
533	224.26877
534	34.404713
535	20872.717
536	4240.4434
537	5102.8555
538	5974.261
539	7508.1953
540	6990.8296
541	890.7333
542	1313.3909
543	17426.275
544	569.1395
545	5690.932
546	8426.616
547	8266.507
548	5963.133
549	767.3006
550	680.70337
551	9411.946
552	40.64601
553	4573.6626
554	5790.574
555	9719.955
556	15530.185
557	104.74097
558	184.56192
559	8928.416
560	162.16603
561	4821.758
562	8190.3506
563	33054.824
564	32777.773
565	1634.0485
566	469.50705
567	9366.428
568	164.89923
569	4264.7354
570	12841.545
571	26068.371
572	23266.324
573	798.07196
574	186.56952
575	14835.435
576	636.3209
577	8032.1904
578	17919.361
579	15135.339
580	15933.606
581	84.39588
582	94.78693
583	17393.994
584	46.69178
585	6776.0366
586	10689.088
587	19712.363
588	24062.773
589	2750.8591
590	1811.7964
591	31709.406
592	992.2816
593	8500.1045
594	13332.328
595	28871.354
596	26407.455
597	985.3698
598	965.2569
599	20772.625
600	659.2331
601	4223.507
602	7014.269
603	20092.959
604	22176.229
605	909.50916
606	423.6212
607	13767.341
608	567.9434
609	3096.3586
610	5775.9155
611	11384.212
612	21366.883
613	1017.83026
614	96.047295
615	10741.294
616	439.36786
617	5612.3047
618	8221.433
619	27590.748
620	21952.422
621	429.37848
622	465.48657
623	11704.568
624	119.847725
625	5519.721
626	19002.807
627	43473.164
628	21907.814
629	702.71216
630	1101.5839
631	16386.375
632	205.61404
633	6066.083
634	9949.056
635	14364.627
636	13510.505
637	1111.0544
638	430.68503
639	15413.693
640	196.36926
641	6294.826
642	6258.9214
643	8341.072
644	10141.863
645	185.22098
646	112.21204
647	22745.803
648	2079.4248
649	8078.126
650	8706.037
651	9429.715
652	10310.692
653	380.36526
654	321.3447
655	16854.87
656	165.28671
657	4683.321
658	9948.274
659	10162.848
660	16357.967
661	1147.5166
662	109.86182
663	13253.68
664	383.92865
665	2667.3486
666	8488.122
667	16970.027
668	33088.59
669	86.5262
670	48.887398
671	11603.826
672	295.21878
673	3300.6165
674	15561.913
675	30847.945
676	25807.316
677	894.64667
678	342.85413
679	14609.646
680	127.479454
681	3369.4075
682	13704.241
683	28464.682
684	17292.402
685	840.5847
686	250.59802
687	14515.627
688	146.65422
689	5700.789
690	13933.345
691	13219.574
692	15364.214
693	539.85736
694	185.585
695	18289.947
696	203.53897
697	3865.4343
698	4286.308
699	8201.058
700	15714.714
701	9.690934
702	56.502842
703	19530.842
704	264.41046
705	3003.5405
706	2402.6047
707	4116.9863
708	6236.679
709	223.3078
710	62.258595
711	16192.663
712	51.483612
713	2376.1843
714	2188.213
715	2496.618
716	8984.228
717	121.78794
718	119.06816
719	9982.202
720	660.7425
721	2135.1267
722	3022.0193
723	20814.912
724	24568.68
725	233.78163
726	389.71967
727	11893.786
728	388.99
729	7427.676
730	28484.113
731	53014.47
732	42709.754
733	3423.5671
734	738.3339
735	12657.189
736	637.4257
737	3564.2686
738	3011.592
739	1301.2263
740	4560.1216
741	500.61816
742	616.5728
743	13669.462
744	355.92374
745	1646.52
746	2487.8286
747	1423.6772
748	14823.386
749	286.2517
750	57.60234
751	8233.794
752	187.38515
753	1558.1559
754	3969.9905
755	6286.608
756	11279.667
757	50.475193
758	85.46844
759	9378.511
760	47.958458
761	2711.4966
762	12143.909
763	5572.0312
764	8414.201
765	16.655968
766	22.994095
767	9840.479
768	351.86365
769	7111.694
770	11756.596
771	4037.781
772	9369.654
773	564.1971
774	237.59952
775	16307.653
776	673.9173
777	4977.842
778	4901.7793
779	3561.1545
780	10015.485
781	301.1807
782	277.24084
783	24795.703
784	147.7338
785	4195.0854
786	5548.6006
787	4102.7017
788	10163.03
789	359.69284
790	473.7423
791	18266.82
792	600.5153
793	3722.4204
794	4278.1323
795	2632.913
796	12135.153
797	1126.7856
798	248.22894
799	13180.811
800	109.06032
801	2244.674
802	4801.6523
803	3902.2092
804	24790.74
805	655.23157
806	7.385548
807	12084.012
808	99.27153
809	2519.0688
810	7489.953
811	20591.03
812	26723.42
813	189.47392
814	89.041466
815	14541.641
816	244.99501
817	4465.4756
818	18567.426
819	19568.691
820	22931.08
821	231.13724
822	654.42267
823	17402.598
824	234.8663
825	5224.5024
826	3183.9543
827	5584.4614
828	6406.9844
829	684.4448
830	321.59177
831	16519.254
832	248.68102
833	2083.4531
834	2532.6733
835	3616.1145
836	6787.685
837	684.1726
838	414.48584
839	23093.117
840	1313.3353
841	2452.9675
842	9836.843
843	4123.455
844	6048.715
845	759.7628
846	454.95337
847	13170.481
848	29.873182
849	2707.2217
850	20107.486
851	9104.474
852	56329.574
853	1780.5525
854	3279.8936
855	46452.445
856	1702.6309
857	4764.119
858	5149.3853
859	2552.676
860	14007.572
861	770.2986
862	524.7346
863	11232.407
864	76.14196
865	2380.3506
866	4609.662
867	7785.6655
868	13924.915
869	441.48502
870	100.00255
871	11456.827
872	296.8719
873	2931.372
874	6371.4
875	7650.89
876	7226.617
877	438.25537
878	101.36148
879	10506.802
880	722.97345
881	4701.9136
882	9260.103
883	4889.9927
884	5796.793
885	819.9141
886	143.16214
887	14571.072
888	684.3483
889	4310.26
890	6515.451
891	3864.8564
892	6159.3613
893	490.57886
894	219.79788
895	24075.436
896	442.1498
897	4062.3137
898	6341.7495
899	3657.2722
900	6719.3423
901	626.0802
902	172.04033
903	14613.166
904	216.71387
905	5409.455
906	5797.114
907	4867.855
908	10068.448
909	1952.5874
910	329.65955
911	8612.607
912	119.979004
913	3403.5452
914	5771.924
915	3371.9492
916	14324.829
917	938.6596
918	47.774788
919	9152.229
920	250.58879
921	4039.1792
922	6951.5903
923	11992.576
924	16926.717
925	138.56908
926	108.89203
927	10460.21
928	41.92451
929	5082.3403
930	24869.348
931	25310.889
932	24299.256
933	71.72929
934	81.42782
935	15901.65
936	11.559679
937	7068.903
938	14236.584
939	11621.353
940	23517.379
941	1210.2578
942	649.1408
943	21667.225
944	571.97345
945	6109.5464
946	13328.874
947	7711.307
948	19806.75
949	1151.3251
950	646.4481
951	26917.033
952	416.47464
953	6907.718
954	15329.919
955	17679.135
956	33056.688
957	3635.3875
958	420.7549
959	22335.33
960	382.097
961	5373.727
962	11300.953
963	10655.245
964	21055.736
965	34.62593
966	369.1029
967	15604.148
968	151.60425
969	4352.8867
970	8172.5757
971	7579.597
972	22203.771
973	215.83525
974	919.48425
975	9558.175
976	186.24072
977	3861.0793
978	8335.846
979	10975.183
980	17574.418
981	348.8536
982	50.551598
983	13812.618
984	100.58611
985	4152.213
986	11747.157
987	5549.9966
988	11963.868
989	152.39726
990	405.46188
991	12940.553
992	1243.3766
993	9270.942
994	36594.59
995	30835.084
996	42118.16
997	766.07764
998	89.64462
999	14828.214
1000	500.1866
1001	4572.9165
1002	8793.721
1003	4148.9
1004	8248.664
1005	437.19498
1006	352.3317
1007	23544.094
1008	1344.8351
1009	5052.906
1010	7269.615
1011	2778.4912
1012	9626.057
1013	716.85596
1014	4191.1904
1015	28783.85
1016	1488.9767
1017	4762.8276
1018	8930.995
1019	4601.6655
1020	11407.563
1021	1149.8939
1022	1809.8243
1023	14866.522
1024	68.55388
1025	3062.1729
1026	14194.177
1027	9535.786
1028	30962.996
1029	1269.3951
1030	59.489876
1031	13924.742
1032	163.04955
1033	1898.7722
1034	6294.609
1035	12833.289
1036	23532.496
1037	1045.3381
1038	67.47293
1039	12429.983
1040	237.30789
1041	3407.9397
1042	16743.49
1043	17075.67
1044	15097.132
1045	389.17758
1046	163.7755
1047	15946.11
1048	132.07278
1049	7324.457
1050	10798.648
1051	4944.998
1052	10491.538
1053	528.368
1054	216.89844
1055	18765.16
1056	1026.7521
1057	7506.4995
1058	6391.9165
1059	3797.0579
1060	9557.093
1061	283.61777
1062	146.82585
1063	23505.21
1064	386.31668
1065	1867.838
1066	3146.7737
1067	1794.9436
1068	6775.4976
1069	137.67213
1070	611.78314
1071	14679.674
1072	13.103461
1073	1874.7893
1074	2412.013
1075	904.7067
1076	9376.0
1077	813.7432
1078	189.12387
1079	9599.932
1080	231.55467
1081	2282.1162
1082	3221.8406
1083	1750.08
1084	19122.156
1085	781.7461
1086	1378.329
1087	10425.3125
1088	536.79706
1089	3627.6514
1090	6243.758
1091	8589.002
1092	32485.06
1093	2602.0576
1094	981.4338
1095	26601.777
1096	1813.8618
1097	12589.804
1098	24126.191
1099	28851.498
1100	34709.766
1101	164.93886
1102	104.49874
1103	7006.927
1104	814.1973
1105	5759.312
1106	12882.859
1107	7567.879
1108	9148.162
1109	87.89118
1110	188.143
1111	10443.991
1112	472.10284
1113	2587.2166
1114	2665.4207
1115	2665.9285
1116	8201.185
1117	149.49445
1118	144.68338
1119	16150.448
1120	60.7713
1121	3598.4358
1122	3198.4043
1123	4069.6272
1124	7409.066
1125	710.7355
1126	602.4992
1127	13103.656
1128	113.05891
1129	2628.7507
1130	1710.7859
1131	4089.4211
1132	9474.113
1133	1978.5396
1134	50.225437
1135	11380.262
1136	384.81955
1137	4961.187
1138	8056.782
1139	12161.068
1140	24283.936
1141	427.82202
1142	16.181673
1143	10761.858
1144	135.92781
1145	3755.7615
1146	6680.2603
1147	24783.17
1148	22041.125
1149	58.918255
1150	94.46588
1151	20293.855
1152	299.61157
1153	4154.113
1154	16226.001
1155	14054.441
1156	12198.598
1157	255.14326
1158	59.513138
1159	8097.8677
1160	320.57443
1161	5984.6235
1162	7400.5264
1163	7798.052
1164	8905.255
1165	409.316
1166	49.15728
1167	16687.818
1168	53.30489
1169	4456.1836
1170	4621.4834
1171	7953.4785
1172	11340.254
1173	568.5808
1174	24.477205
1175	30594.25
1176	3188.4658
1177	4667.9785
1178	4763.4893
1179	9662.952
1180	13073.249
1181	396.0851
1182	976.563
1183	25332.055
1184	2573.5408
1185	3110.188
1186	4988.9575
1187	10493.536
1188	20319.889
1189	1339.7495
1190	158.79094
1191	23562.473
1192	357.09152
1193	1946.2773
1194	1833.3965
1195	6917.2563
1196	16911.42
1197	453.46616
1198	75.342834
1199	12619.548
1200	309.8055
1201	1809.4994
1202	4197.1523
1203	18552.133
1204	16453.543
1205	204.0601
1206	11.383703
1207	3447.3914
1208	358.80524
1209	2392.9287
1210	14641.957
1211	12676.144
1212	6222.656
1213	47.415894
1214	604.7971
1215	3390.612
1216	4042.118
1217	11532.707
1218	23620.227
1219	35132.996
1220	83925.61
1221	3256.6765
1222	200.58665
1223	8793.571
1224	475.2047
1225	2060.4314
1226	4794.9824
1227	8066.907
1228	8084.766
1229	267.1919
1230	142.78297
1231	19389.688
1232	199.85196
1233	2773.996
1234	4433.9526
1235	7536.385
1236	4536.287
1237	357.79855
1238	310.1032
1239	15841.545
1240	69.73318
1241	2907.3552
1242	5623.801
1243	6529.9487
1244	2845.7678
1245	424.188
1246	75.63375
1247	14993.425
1248	570.6712
1249	2093.0242
1250	7072.2593
1251	14662.969
1252	26508.127
1253	792.6419
1254	150.05376
1255	8485.652
1256	620.27155
1257	4454.914
1258	8746.935
1259	31405.576
1260	18762.723
1261	540.7462
1262	244.10608
1263	9623.035
1264	103.536255
1265	4768.494
1266	14208.914
1267	22502.848
1268	10952.485
1269	565.1809
1270	259.32388
1271	12456.186
1272	540.00775
1273	8792.683
1274	13008.693
1275	11220.991
1276	8594.77
1277	183.07327
1278	122.74315
1279	10054.547
1280	299.0138
1281	5081.6675
1282	6279.9834
1283	6315.7646
1284	5735.2275
1285	664.2739
1286	321.04633
1287	17187.98
1288	537.7965
1289	4743.9175
1290	5201.8027
1291	6042.9395
1292	8228.943
1293	21.23041
1294	2547.017
1295	26283.504
1296	1077.6819
1297	4122.7227
1298	5266.421
1299	8181.667
1300	23088.193
1301	934.2734
1302	206.95105
1303	14441.852
1304	345.804
1305	4978.835
1306	9257.566
1307	27668.984
1308	35588.83
1309	1090.3173
1310	244.53716
1311	12019.953
1312	73.74046
1313	4905.5605
1314	14121.283
1315	23641.465
1316	24511.078
1317	630.1706
1318	450.3329
1319	18354.752
1320	1279.7587
1321	9244.072
1322	18310.896
1323	37436.02
1324	30898.088
1325	2312.26
1326	850.5743
1327	19120.88
1328	229.1475
1329	5627.3657
1330	9859.968
1331	26674.982
1332	20569.074
1333	376.09625
1334	352.0955
1335	19873.393
1336	123.50948
1337	5360.6733
1338	7167.6675
1339	11067.665
1340	7725.5425
1341	409.22305
1342	563.0774
1343	15742.123
1344	255.43481
1345	5482.9937
1346	6441.9585
1347	9925.104
1348	11863.058
1349	805.9043
1350	25.737284
1351	16741.744
1352	181.80457
1353	5124.607
1354	6875.4854
1355	10144.339
1356	16493.562
1357	2826.7068
1358	2452.773
1359	19663.451
1360	1186.7615
1361	2731.4553
1362	11591.904
1363	16682.924
1364	23537.174
1365	829.2261
1366	466.54028
1367	12985.502
1368	428.0238
1369	3409.8416
1370	7315.7793
1371	19024.855
1372	15209.142
1373	77.82087
1374	200.36044
1375	10856.491
1376	190.3952
1377	4763.7925
1378	17351.293
1379	41092.117
1380	22663.342
1381	402.97208
1382	266.95267
1383	14518.121
1384	210.15366
1385	7287.1426
1386	11039.91
1387	13664.682
1388	13507.22
1389	758.6435
1390	543.7684
1391	16998.803
1392	158.58382
1393	4600.4844
1394	11381.388
1395	12686.497
1396	14194.767
1397	876.6752
1398	404.00125
1399	22696.877
1400	612.1181
1401	2470.7354
1402	11510.674
1403	11039.652
1404	15905.414
1405	1824.2246
1406	984.60345
1407	15910.359
1408	616.22675
1409	3283.2795
1410	7002.542
1411	9717.959
1412	16223.836
1413	1371.1605
1414	184.04614
1415	15254.618
1416	213.855
1417	2853.46
1418	5071.5566
1419	12725.484
1420	29293.38
1421	877.9391
1422	310.80728
1423	14276.658
1424	139.5147
1425	2499.1648
1426	5314.193
1427	28235.34
1428	23284.934
1429	533.66565
1430	56.799866
1431	12134.241
1432	79.67031
1433	1789.5643
1434	5917.292
1435	13377.654
1436	9213.258
1437	266.99686
1438	49.87321
1439	10498.429
1440	408.61252
1441	5149.9897
1442	2237.5713
1443	5363.6274
1444	5244.2793
1445	549.03754
1446	274.67184
1447	12259.776
1448	490.57297
1449	3397.352
1450	2911.6973
1451	3621.2627
1452	2649.1272
1453	295.31592
1454	2085.612
1455	20749.021
1456	11.837186
1457	3392.909
1458	5853.2603
1459	20801.896
1460	42161.605
1461	585.56476
1462	2143.07
1463	33733.68
1464	1149.3419
1465	11039.622
1466	9211.958
1467	6866.609
1468	8669.302
1469	877.3389
1470	390.57413
1471	14741.934
1472	78.51863
1473	4428.1953
1474	6208.0464
1475	981.96735
1476	4168.5396
1477	298.33685
1478	243.33296
1479	15787.535
1480	640.4277
1481	1834.7969
1482	2727.6572
1483	1100.6127
1484	4430.588
1485	184.8158
1486	249.11565
1487	12194.583
1488	17.828089
1489	2915.9124
1490	2867.0393
1491	448.37677
1492	6394.1826
1493	1213.288
1494	633.8811
1495	9206.941
1496	148.04613
1497	2908.163
1498	3761.7292
1499	5182.7764
1500	21185.621
1501	531.37274
1502	213.93697
1503	12652.83
1504	327.5844
1505	4013.7776
1506	8201.797
1507	13646.914
1508	19755.84
1509	502.5294
1510	411.67456
1511	12785.601
1512	88.70716
1513	4547.6025
1514	19310.145
1515	9217.281
1516	13857.799
1517	1053.4006
1518	608.01794
1519	13890.689
1520	467.83737
1521	6076.5103
1522	8345.741
1523	2272.1987
1524	10386.814
1525	141.90495
1526	125.10407
1527	13709.198
1528	350.7282
1529	4118.1523
1530	5050.2627
1531	2502.8752
1532	9673.362
1533	217.54718
1534	55.258923
1535	25739.812
1536	15.984306
1537	2307.2505
1538	3923.5872
1539	3550.2144
1540	10746.1455
1541	508.49713
1542	2705.7324
1543	20727.838
1544	81.51991
1545	2942.0806
1546	5039.7446
1547	6151.5293
1548	24817.209
1549	2892.191
1550	717.9805
1551	18228.162
1552	395.80832
1553	2386.5417
1554	2518.32
1555	9962.975
1556	39908.42
1557	1409.4902
1558	57.01979
1559	11480.886
1560	177.46178
1561	1898.0352
1562	3268.647
1563	10507.377
1564	16289.056
1565	262.61703
1566	288.68054
1567	12129.355
1568	290.95416
1569	2368.036
1570	8887.268
1571	7249.076
1572	11720.672
1573	1229.5393
1574	608.60944
1575	10951.243
1576	130.97563
1577	5177.338
1578	18724.377
1579	3629.1208
1580	6743.2744
1581	1367.5326
1582	895.52155
1583	18590.48
1584	431.95978
1585	15803.427
1586	40094.63
1587	24851.82
1588	17607.605
1589	226.6476
1590	385.49866
1591	15044.608
1592	1276.6638
1593	1911.8853
1594	4693.369
1595	2598.491
1596	6171.0117
1597	523.51733
1598	14.6940775
1599	16005.908
1600	224.17279
1601	3046.3875
1602	4296.68
1603	2856.3364
1604	9636.278
1605	1069.5559
1606	332.36368
1607	11558.015
1608	98.6595
1609	3205.964
1610	5141.4517
1611	3654.0374
1612	17579.477
1613	220.80995
1614	351.706
1615	10301.842
1616	409.79306
1617	2914.5625
1618	10342.076
1619	13857.786
1620	18291.115
1621	464.7295
1622	93.277405
1623	10157.726
1624	103.5553
1625	3696.2454
1626	17057.613
1627	12228.952
1628	9143.498
1629	242.80489
1630	133.60631
1631	11238.063
1632	56.556313
1633	6878.8555
1634	8648.316
1635	6106.715
1636	7448.259
1637	453.80875
1638	211.10918
1639	13822.839
1640	915.63586
1641	5460.8945
1642	7426.3267
1643	3057.416
1644	4117.4736
1645	408.03848
1646	263.88406
1647	19862.727
1648	2.373166
1649	4926.501
1650	3872.1301
1651	2633.594
1652	4265.727
1653	3.509619
1654	112.920654
1655	13407.025
1656	174.96315
1657	4712.5117
1658	6400.8804
1659	4708.1836
1660	12122.183
1661	2984.589
1662	2463.4905
1663	15622.41
1664	695.8541
1665	3899.6753
1666	6672.815
1667	9401.285
1668	31522.363
1669	1220.7749
1670	581.70825
1671	15171.765
1672	781.685
1673	6130.907
1674	15154.63
1675	10289.712
1676	25062.67
1677	705.74084
1678	319.38937
1679	18911.904
1680	750.1146
1681	5840.3745
1682	15698.904
1683	17824.746
1684	28675.463
1685	2014.5851
1686	1776.9154
1687	28545.688
1688	2200.3687
1689	7521.5723
1690	14975.171
1691	15155.872
1692	21481.861
1693	256.34296
1694	243.85135
1695	20963.393
1696	1654.4735
1697	4674.7646
1698	10288.948
1699	9221.752
1700	15742.721
1701	572.70087
1702	235.1542
1703	26433.873
1704	208.29878
1705	2582.5156
1706	4510.5503
1707	4173.936
1708	9982.782
1709	343.4922
1710	6.0480537
1711	16292.2
1712	446.60077
1713	4379.1836
1714	5556.161
1715	3247.115
1716	12178.854
1717	146.24365
1718	2097.4734
1719	12882.244
1720	412.03656
1721	3938.3071
1722	6895.2783
1723	5263.337
1724	32548.658
1725	6986.7725
1726	6935.535
1727	33506.887
1728	165.41383
1729	3773.1152
1730	6402.5615
1731	9229.684
1732	18201.564
1733	553.5477
1734	249.11578
1735	9419.0
1736	136.97409
1737	4438.5654
1738	8933.401
1739	4596.5483
1740	13928.616
1741	606.0619
1742	8.892458
1743	13107.948
1744	37.199677
1745	11445.567
1746	21031.184
1747	11689.683
1748	12576.982
1749	580.34106
1750	302.20587
1751	15248.119
1752	116.02014
1753	3646.3325
1754	13844.932
1755	8122.773
1756	11954.442
1757	255.47598
1758	419.00964
1759	26818.475
1760	479.65384
1761	3082.507
1762	9999.742
1763	6357.6094
1764	12713.871
1765	678.60693
1766	6.5002327
1767	18640.465
1768	772.83746
1769	3029.2964
1770	11947.921
1771	5411.719
1772	17351.451
1773	1228.193
1774	218.03358
1775	13903.931
1776	160.07068
1777	2692.3555
1778	7533.1313
1779	5764.9995
1780	31570.352
1781	1016.37415
1782	232.1364
1783	13894.342
1784	316.05167
1785	2664.5298
1786	6638.35
1787	19200.092
1788	42793.58
1789	1381.5609
1790	128.43486
1791	12240.839
1792	56.142624
1793	2202.6038
1794	9694.272
1795	8424.834
1796	12219.254
1797	226.15909
1798	19.61394
1799	11267.495
1800	44.70209
1801	4901.5684
1802	4697.974
1803	2929.9722
1804	5331.1206
1805	429.07443
1806	13.382944
1807	13607.263
1808	93.4525
1809	3557.287
1810	2489.7634
1811	1502.8845
1812	5905.477
1813	793.6738
1814	156.5686
1815	20980.912
1816	1402.3145
1817	2833.7856
1818	4553.2954
1819	3707.628
1820	7733.506
1821	347.45724
1822	231.78738
1823	21881.07
1824	1325.2954
1825	7464.833
1826	30363.41
1827	32664.379
1828	52978.78
1829	2307.1
1830	373.44125
1831	8493.298
1832	11.262169
1833	3416.4033
1834	3162.334
1835	5455.553
1836	23701.744
1837	1848.839
1838	728.1934
1839	9708.924
1840	225.52107
1841	2176.991
1842	3357.745
1843	11922.509
1844	15175.752
1845	149.35788
1846	190.33286
1847	8691.552
1848	98.63781
1849	2124.913
1850	8804.468
1851	7429.795
1852	7690.042
1853	564.22656
1854	550.538
1855	11085.664
1856	1016.3596
1857	7244.4883
1858	5235.864
1859	4563.968
1860	6880.5605
1861	34.7158
1862	450.26718
1863	13837.705
1864	1068.3918
1865	5324.614
1866	4843.476
1867	5988.7397
1868	12134.409
1869	1489.4172
1870	1352.2993
1871	23737.941
1872	389.67337
1873	3598.9644
1874	4370.8823
1875	5983.575
1876	10292.806
1877	633.2595
1878	953.59576
1879	14072.181
1880	74.6701
1881	4071.567
1882	5482.5938
1883	5690.2295
1884	13916.375
1885	1737.6104
1886	175.69678
1887	16902.03
1888	348.14224
1889	3094.0403
1890	3108.2942
1891	7209.927
1892	20253.166
1893	331.49048
1894	11.824835
1895	12750.224
1896	135.65456
1897	3288.196
1898	6456.1455
1899	25065.602
1900	20367.363
1901	507.90146
1902	169.24213
1903	10857.0
1904	89.81673
1905	3224.644
1906	19861.883
1907	36822.906
1908	21411.398
1909	30.914557
1910	182.72217
1911	13848.2705
1912	261.29102
1913	7409.64
1914	13018.994
1915	24143.172
1916	24083.83
1917	506.6627
1918	557.6585
1919	22690.178
1920	519.9136
1921	3621.762
1922	2162.211
1923	11153.059
1924	10016.552
1925	445.08023
1926	250.33496
1927	21672.162
1928	111.866714
1929	1581.9178
1930	2466.9592
1931	5660.697
1932	7308.9375
1933	445.89395
1934	257.92267
1935	8449.76
1936	33.122913
1937	2226.103
1938	5464.012
1939	5746.494
1940	11443.974
1941	742.56805
1942	9.644028
1943	3444.6777
1944	195.84224
1945	1921.8845
1946	12670.007
1947	42061.426
1948	44079.074
1949	2403.259
1950	962.1656
1951	28589.096
1952	2001.4198
1953	5373.631
1954	8891.997
1955	19444.07
1956	12684.408
1957	230.83044
1958	196.36023
1959	6447.6255
1960	52.391605
1961	2561.6875
1962	7119.003
1963	13698.311
1964	8144.05
1965	241.03918
1966	181.95691
1967	10135.317
1968	17.397644
1969	4564.7554
1970	5360.2886
1971	8550.842
1972	3107.8013
1973	231.64691
1974	70.862335
1975	15811.383
1976	619.31445
1977	4104.4434
1978	5845.1694
1979	5010.797
1980	8758.786
1981	615.5413
1982	98.60505
1983	15363.887
1984	51.84404
1985	3906.6733
1986	5743.7383
1987	8368.027
1988	9043.597
1989	902.80096
1990	638.3003
1991	10749.446
1992	200.3142
1993	3940.8755
1994	6245.0957
1995	7414.575
1996	11970.522
1997	1033.3032
1998	3912.0679
1999	10802.012
2000	218.14738
2001	4552.1875
2002	6761.765
2003	12689.74
2004	23438.922
2005	2181.3464
2006	308.08124
2007	11580.421
2008	150.44353
2009	5253.365
2010	6031.6797
2011	17565.947
2012	11650.5625
2013	160.83578
2014	130.03473
2015	8368.982
2016	250.75743
2017	4939.715
2018	10592.809
2019	23804.357
2020	9648.287
2021	80.28303
2022	10.898758
2023	10888.092
2024	355.43808
2025	10184.958
2026	17930.195
2027	15881.399
2028	13007.706
2029	323.951
2030	77.97676
2031	17736.477
2032	173.27078
2033	5663.9893
2034	9038.632
2035	16449.873
2036	21711.875
2037	1077.6128
2038	497.87393
2039	25580.328
2040	663.24445
2041	4724.927
2042	8575.78
2043	14553.307
2044	21461.76
2045	814.5533
2046	279.19403
2047	20122.75
2048	293.02045
2049	5051.8594
2050	11121.25
2051	31786.906
2052	33457.906
2053	2461.0696
2054	1034.3943
2055	21404.373
2056	1021.2327
2057	6908.8447
2058	10941.348
2059	24822.688
2060	28927.512
2061	972.28076
2062	41.54529
2063	16245.327
2064	19.301584
2065	4421.231
2066	9531.082
2067	28775.34
2068	21419.682
2069	895.49316
2070	408.61383
2071	10086.74
2072	248.26378
2073	4664.0522
2074	9607.918
2075	18308.707
2076	14448.614
2077	632.0643
2078	460.15952
2079	13064.488
2080	410.39206
2081	6980.998
2082	9778.156
2083	15701.353
2084	13739.569
2085	577.7399
2086	427.3782
2087	16418.65
2088	990.29004
2089	11215.497
2090	13610.423
2091	11685.484
2092	12088.655
2093	239.82367
2094	785.47003
2095	23646.062
2096	509.37964
2097	3615.751
2098	8239.204
2099	10259.725
2100	9957.732
2101	97.10806
2102	500.56503
2103	12446.981
2104	120.908356
2105	4433.0176
2106	6923.649
2107	7055.835
2108	15770.942
2109	2519.7354
2110	2641.1929
2111	16870.562
2112	137.99146
2113	4362.3857
2114	8655.53
2115	11283.55
2116	23021.787
2117	231.57405
2118	107.19758
2119	14202.394
2120	320.6633
2121	3450.285
2122	12983.758
2123	31669.229
2124	22328.346
2125	522.2489
2126	420.1575
2127	12408.847
2128	455.40375
2129	2572.1882
2130	13139.919
2131	22749.037
2132	20849.355
2133	307.76868
2134	360.738
2135	16186.032
2136	1183.4949
2137	6557.052
2138	14641.194
2139	12973.494
2140	12790.486
2141	667.29
2142	57.49417
2143	17659.426
2144	284.807
2145	5865.94
2146	5448.3887
2147	9034.028
2148	12165.66
2149	669.2018
2150	173.18178
2151	21092.854
2152	696.353
2153	3665.239
2154	4855.4814
2155	9996.087
2156	14593.014
2157	477.70563
2158	588.6985
2159	14950.054
2160	94.85497
2161	1576.5693
2162	3977.4707
2163	3719.67
2164	9878.794
2165	533.23584
2166	465.1076
2167	11251.497
2168	29.976734
2169	1706.8182
2170	2215.7515
2171	7000.8477
2172	20296.512
2173	1125.1913
2174	112.82818
2175	12400.483
2176	91.86026
2177	2944.613
2178	3277.8042
2179	15375.165
2180	13008.125
2181	503.5928
2182	711.57806
2183	8798.837
2184	80.11601
2185	5166.517
2186	11186.628
2187	15594.77
2188	12034.381
2189	647.06067
2190	355.7454
2191	19791.492
2192	41.5712
2193	17517.867
2194	32484.21
2195	27461.617
2196	45371.242
2197	1029.6836
2198	598.05896
2199	10063.916
2200	523.75085
2201	2819.4294
2202	5428.738
2203	9614.957
2204	22501.973
2205	739.9374
2206	302.68646
2207	10880.48
2208	194.2139
2209	1903.9758
2210	9695.722
2211	3435.6938
2212	8695.249
2213	170.40335
2214	149.29047
2215	7988.0195
2216	45.95185
2217	4483.1606
2218	7445.088
2219	2244.731
2220	6470.0264
2221	263.75302
2222	331.8284
2223	8774.352
2224	329.0414
2225	3972.0752
2226	8560.789
2227	2450.6997
2228	6042.512
2229	165.02644
2230	349.19516
2231	23005.906
2232	21.218872
2233	3573.059
2234	6845.292
2235	3649.0784
2236	11694.8
2237	313.72125
2238	1167.6787
2239	16731.98
2240	244.71436
2241	3905.9866
2242	3886.6187
2243	3290.7622
2244	13583.658
2245	2768.1648
2246	664.5178
2247	14268.232
2248	693.21246
2249	4692.8374
2250	5181.447
2251	6157.038
2252	23374.326
2253	194.1905
2254	281.78082
2255	8734.071
2256	66.76852
2257	2919.7068
2258	5702.6816
2259	12798.931
2260	19007.332
2261	242.93483
2262	54.736546
2263	13701.135
2264	98.869995
2265	2702.6953
2266	12799.216
2267	8737.571
2268	14852.137
2269	416.06354
2270	122.32982
2271	13063.103
2272	56.116524
2273	8516.195
2274	13004.855
2275	6121.05
2276	13299.925
2277	366.48917
2278	208.33098
2279	22961.691
2280	259.13763
2281	4690.349
2282	9195.722
2283	4768.6313
2284	19234.703
2285	234.04514
2286	352.07574
2287	22201.871
2288	369.29962
2289	2061.9487
2290	1583.5496
2291	3013.9497
2292	5967.7026
2293	686.19086
2294	29.185465
2295	12814.169
2296	61.107605
2297	1593.6359
2298	3032.3457
2299	3192.029
2300	9915.179
2301	900.72455
2302	1203.081
2303	10339.015
2304	445.08313
2305	2387.7273
2306	11281.804
2307	4547.744
2308	20901.717
2309	244.91505
2310	105.61522
2311	11826.926
2312	192.90672
2313	4962.287
2314	19288.26
2315	25960.041
2316	56614.742
2317	4990.012
2318	2578.2207
2319	15122.781
2320	451.421
2321	1877.1323
2322	6150.9478
2323	4548.15
2324	6821.4053
2325	50.527447
2326	41.057873
2327	13488.716
2328	194.20612
2329	3977.084
2330	6681.262
2331	3997.4912
2332	6661.182
2333	533.921
2334	669.82495
2335	15473.62
2336	2.0150843
2337	3688.8625
2338	6401.6016
2339	2871.067
2340	5645.8423
2341	222.1173
2342	730.6589
2343	17250.984
2344	193.67651
2345	2346.176
2346	6462.3486
2347	3260.8975
2348	8722.086
2349	860.527
2350	959.38617
2351	13553.7295
2352	189.8037
2353	3285.3022
2354	6337.9595
2355	4978.9204
2356	11632.972
2357	1590.2935
2358	681.28674
2359	11689.287
2360	3.0275483
2361	4306.328
2362	6498.5234
2363	4876.9697
2364	24513.766
2365	188.12636
2366	87.14474
2367	12568.928
2368	237.48317
2369	5528.095
2370	9371.402
2371	15290.204
2372	17478.111
2373	10.924092
2374	210.69307
2375	5689.655
2376	176.82175
2377	4206.38
2378	11792.863
2379	5986.713
2380	7106.6934
2381	214.02252
2382	183.01567
2383	8459.878
2384	303.8769
2385	5744.369
2386	9615.005
2387	4726.8345
2388	6100.484
2389	22.284325
2390	13.464047
2391	15457.737
2392	1541.4933
2393	10346.135
2394	12508.663
2395	6704.5693
2396	17517.076
2397	654.56726
2398	169.45798
2399	25224.865
2400	552.8554
2401	6094.2085
2402	10698.98
2403	9960.583
2404	22990.35
2405	1104.1948
2406	322.66925
2407	23870.385
2408	576.05884
2409	5470.3325
2410	15020.67
2411	9844.9
2412	22769.014
2413	1198.1073
2414	397.03192
2415	23862.594
2416	294.33417
2417	8152.4097
2418	17906.818
2419	17719.336
2420	27531.84
2421	720.1855
2422	581.2139
2423	19887.273
2424	248.78502
2425	3885.5715
2426	12284.85
2427	18088.525
2428	23063.29
2429	225.20616
2430	86.35959
2431	13068.498
2432	309.83786
2433	4175.9233
2434	9771.806
2435	6020.7344
2436	8636.9375
2437	39.01663
2438	52.108467
2439	11310.998
2440	212.11438
2441	6229.0903
2442	11637.553
2443	5248.9756
2444	9229.711
2445	582.44476
2446	101.14509
2447	15941.823
2448	1272.5481
2449	3772.313
2450	8150.333
2451	3056.739
2452	7090.8438
2453	198.81256
2454	1114.7395
2455	36181.28
2456	3781.9177
2457	15823.8
2458	28011.062
2459	10958.608
2460	11865.416
2461	61.092236
2462	552.011
2463	16171.471
2464	831.6341
2465	3142.3547
2466	4849.9165
2467	3762.5063
2468	10322.7295
2469	108.849724
2470	1000.61176
2471	13770.446
2472	198.00476
2473	3969.107
2474	7724.0044
2475	6533.4473
2476	35833.688
2477	5455.4014
2478	1686.1572
2479	14146.993
2480	329.45602
2481	4890.5093
2482	9878.037
2483	13813.804
2484	25295.582
2485	41.72074
2486	315.43814
2487	14838.53
2488	1227.6178
2489	3670.142
2490	18131.021
2491	14778.675
2492	18171.828
2493	667.6503
2494	93.45291
2495	13393.906
2496	218.11995
2497	3806.232
2498	17725.537
2499	7262.749
2500	12020.19
2501	205.34407
2502	279.63504
2503	17827.146
2504	123.217514
2505	3978.8684
2506	9059.08
2507	4255.384
2508	10947.883
2509	228.62651
2510	326.07065
2511	28585.76
2512	103.447
2513	2691.8757
2514	3858.531
2515	3069.8425
2516	12346.372
2517	505.39584
2518	2535.135
2519	22749.049
2520	475.63477
2521	2227.421
2522	2722.7249
2523	3630.5647
2524	13881.523
2525	1163.8656
2526	151.4341
2527	10939.087
2528	78.11627
2529	1576.7426
2530	3507.1328
2531	4200.593
2532	24246.826
2533	289.04468
2534	129.87662
2535	10349.678
2536	15.853258
2537	2252.6865
2538	4613.877
2539	9376.181
2540	15205.495
2541	541.8398
2542	345.50507
2543	8067.722
2544	723.2745
2545	2681.5332
2546	8911.652
2547	4174.354
2548	6151.4316
2549	215.28798
2550	204.9589
2551	11107.583
2552	145.61185
2553	5314.203
2554	10607.389
2555	13525.682
2556	49868.883
2557	2302.91
2558	3003.2524
2559	28442.36
2560	220.75195
2561	9271.535
2562	7859.1978
2563	10177.178
2564	12136.973
2565	21.250507
2566	915.8243
2567	20716.5
2568	1187.3727
2569	3624.3625
2570	4466.8794
2571	3519.9321
2572	6127.3486
2573	4.01893
2574	302.96497
2575	10550.152
2576	245.54715
2577	1893.6385
2578	2700.286
2579	2075.0396
2580	6741.1577
2581	780.544
2582	94.31253
2583	10288.082
2584	448.66003
2585	4025.52
2586	2788.5173
2587	6135.4604
2588	17846.117
2589	213.48967
2590	156.92055
2591	6652.7334
2592	136.48927
2593	3010.3682
2594	4783.732
2595	20958.56
2596	17718.348
2597	650.8631
2598	631.7003
2599	12973.692
2600	1183.8129
2601	6162.4463
2602	16423.012
2603	18695.346
2604	12545.043
2605	652.80444
2606	192.10793
2607	11438.036
2608	327.36948
2609	9025.7295
2610	10073.402
2611	6627.2104
2612	11275.895
2613	769.4627
2614	285.54675
2615	14102.118
2616	160.61978
2617	4955.2783
2618	3961.4983
2619	6012.646
2620	7520.6763
2621	3.5380738
2622	627.71716
2623	19206.074
2624	17.463625
2625	2942.696
2626	3893.956
2627	6118.548
2628	10048.7705
2629	166.94383
2630	428.17072
2631	15396.106
2632	253.42775
2633	2446.3894
2634	3689.8757
2635	8419.067
2636	14178.402
2637	4280.8594
2638	3665.6458
2639	17688.646
2640	98.0462
2641	2343.6294
2642	5281.5425
2643	16943.05
2644	31572.79
2645	1803.833
2646	1783.1205
2647	18290.07
2648	77.382225
2649	2612.5203
2650	2581.245
2651	29610.66
2652	32175.754
2653	305.05414
2654	32.882915
2655	13128.802
2656	181.39893
2657	2482.3005
2658	5159.1025
2659	12234.994
2660	8086.878
2661	309.24887
2662	316.62744
2663	14731.412
2664	56.746338
2665	3600.7559
2666	3420.2092
2667	7518.245
2668	7344.46
2669	656.5867
2670	331.7975
2671	7052.6978
2672	568.3913
2673	3916.7368
2674	12740.286
2675	6177.1514
2676	5082.4175
2677	8.484282
2678	4425.209
2679	11866.337
2680	989.52075
2681	6498.0566
2682	30227.418
2683	49837.695
2684	44064.484
2685	633.0482
2686	242.50455
2687	6267.1606
2688	168.48364
2689	2624.4788
2690	4116.1323
2691	7444.9146
2692	9828.882
2693	604.0797
2694	227.47441
2695	8157.489
2696	23.476822
2697	2891.812
2698	4663.7593
2699	8391.705
2700	10520.342
2701	833.24207
2702	160.65625
2703	11330.413
2704	39.24555
2705	2798.655
2706	6141.12
2707	18828.932
2708	11855.6875
2709	618.8919
2710	629.9962
2711	5906.8223
2712	277.40338
2713	2879.2954
2714	12721.396
2715	17510.705
2716	11597.691
2717	587.7774
2718	634.43646
2719	9656.885
2720	426.86792
2721	5975.4893
2722	9361.576
2723	10185.765
2724	8064.2207
2725	392.83698
2726	86.781685
2727	12974.616
2728	256.6545
2729	3611.091
2730	7628.5513
2731	6513.132
2732	6949.309
2733	520.52814
2734	467.74515
2735	21623.463
2736	1292.6449
2737	6065.717
2738	8697.864
2739	6398.353
2740	8654.095
2741	484.15863
2742	18.630415
2743	11987.887
2744	441.06805
2745	4889.7417
2746	5109.84
2747	6034.4155
2748	8291.696
2749	171.22523
2750	1346.0521
2751	9117.674
2752	330.77484
2753	4569.2676
2754	6695.2817
2755	11069.578
2756	29501.955
2757	4280.5005
2758	1031.4774
2759	10076.173
2760	682.50275
2761	3638.8965
2762	8014.649
2763	30031.188
2764	27227.617
2765	722.37103
2766	352.5764
2767	14133.594
2768	411.97385
2769	6296.3286
2770	21010.61
2771	34359.895
2772	18239.791
2773	185.74472
2774	295.8354
2775	14687.479
2776	409.43542
2777	7127.726
2778	13820.565
2779	19890.807
2780	22279.598
2781	473.26038
2782	1792.1458
2783	28252.383
2784	845.09265
2785	9740.256
2786	14084.221
2787	29270.004
2788	28002.055
2789	1301.8815
2790	557.10913
2791	26194.205
2792	53.376133
2793	4618.586
2794	8202.279
2795	20095.383
2796	26715.584
2797	925.8227
2798	235.85455
2799	19342.818
2800	641.27936
2801	3701.845
2802	3378.243
2803	9284.121
2804	14204.755
2805	1001.1087
2806	195.75124
2807	10048.237
2808	323.4874
2809	4886.605
2810	7486.269
2811	14647.92
2812	21973.615
2813	644.3758
2814	169.88458
2815	12396.565
2816	195.23912
2817	5230.6567
2818	9379.153
2819	32582.799
2820	34466.34
2821	1165.4305
2822	304.06076
2823	14906.942
2824	665.95
2825	4570.708
2826	12730.058
2827	20788.14
2828	15588.253
2829	400.71744
2830	648.6413
2831	13448.903
2832	397.42505
2833	6988.652
2834	9447.7295
2835	9221.514
2836	13339.215
2837	18.078197
2838	125.372955
2839	15226.304
2840	1119.9214
2841	10884.976
2842	11923.076
2843	10979.375
2844	12413.44
2845	339.66953
2846	191.03317
2847	22648.053
2848	1065.0355
2849	4722.618
2850	10115.162
2851	9770.033
2852	11021.629
2853	860.62195
2854	580.75146
2855	17112.193
2856	268.69443
2857	3208.13
2858	8333.26
2859	12717.558
2860	18825.258
2861	830.02014
2862	140.82506
2863	12026.463
2864	95.06821
2865	2705.9521
2866	14285.247
2867	20174.98
2868	29905.936
2869	1339.7152
2870	622.1443
2871	14936.097
2872	160.1864
2873	2912.4287
2874	8122.184
2875	33755.66
2876	24417.246
2877	1070.9264
2878	408.49014
2879	14170.929
2880	168.23306
2881	2968.9763
2882	12740.042
2883	24167.012
2884	18184.248
2885	379.03445
2886	83.45674
2887	15412.721
2888	117.59288
2889	5546.36
2890	6305.7173
2891	9445.648
2892	13124.828
2893	246.17671
2894	167.52061
2895	13156.517
2896	196.6291
2897	3330.304
2898	3460.1902
2899	5188.2427
2900	6411.1504
2901	212.5147
2902	363.65582
2903	21016.066
2904	1061.9763
2905	3045.5051
2906	2340.482
2907	2602.4053
2908	5886.451
2909	188.62018
2910	74.8664
2911	14660.143
2912	65.17736
2913	2869.108
2914	1761.566
2915	7380.25
2916	20995.191
2917	840.5573
2918	27.551575
2919	11332.568
2920	120.15269
